codigo;fpnd_area_ha;carbono_estoque_ton;carbono_densidade_ton_ha;carbono_equivalencia_co2_ton_ha;especie_diversidade_media;car_sobreposicao_fpnd_ha;car_sobreposicao_fpnd_per;mineracao_area_ha;floresta_original_area_ha;floresta_atual_area_ha;floresta_atual_area_per;desmatamento_area_ha
FPB-AC-S-7.2172W-73.6413;29736.012912;5060926.96340931;176.498259;18573601.96;27.56635672;28804;96.9;0;28674;28674;100;0
FPB-AC-S-7.6659W-72.0563;39502.107422;6252926.97821787;159.607457;22948242.01;32.85253165;35416;89.7;0;39506;39177;99;329
FPB-AC-S-7.8956W-70.5117;88691.507013;17447020.7965675;207.882001;64030566.32;32.502391;41234;46.5;0;88392;83928;95;4465
FPB-AC-S-7.9561W-70.8928;16752.339376;3077621.89432308;195.489463;11294872.35;32.25667656;4581;27.3;0;16756;15743;94;1013
FPB-AC-S-7.9833W-73.4451;15157.35824;2277379.43509275;150.750445;8357982.527;32.60983607;9238;60.9;0;15158;15107;100;51
FPB-AC-S-8.0614W-70.1714;10597.314931;1724825.36359368;210.749607;6330109.084;34.17096019;6494;61.3;0;10586;8184;77;2402
FPB-AC-S-8.0625W-70.928;10171.090469;1016617.650165;189.717025;3730986.776;33;8081;79.5;0;10190;5359;53;4831
FPB-AC-S-8.1843W-69.8167;87571.971414;16354576.5400989;199.080306;60021295.9;31.70099857;61705;70.5;0;87528;82151;94;5377
FPB-AC-S-8.4296W-71.935;18424.86984;2696346.83721519;146.355497;9895592.893;33.91322314;376;2;0;18425;18423;100;1
FPB-AC-S-8.4459W-69.5931;85507.132805;14530073.6463794;173.271567;53325370.28;29.62835473;81247;95;0;85509;83857;98;1652
FPB-AC-S-8.5635W-69.4531;70321.870601;10262010.1942857;155.100987;37661577.41;28.30566441;39010;55.5;0;70327;66163;94;4164
FPB-AC-S-8.7347W-69.137;50462.008023;7186317.49086102;153.378587;26373785.19;28.29511466;37758;74.8;0;50344;46853;93;3490
FPB-AC-S-8.7448W-69.6107;18522.250596;2185886.01127329;155.992873;8022201.661;29.26577181;14159;76.4;0;18526;14013;76;4514
FPB-AC-S-8.9127W-69.937;17343.170579;2707204.85414316;157.919612;9935441.815;32.01011561;10769;62.1;0;17318;17143;99;175
FPB-AC-S-8.9953W-69.2572;25772.968285;3440649.34284102;158.524441;12627183.09;30.02807357;23712;92;0;25766;21704;84;4062
FPB-AC-S-9.0335W-70.1918;43035.792811;6388277.15324331;150.444051;23444977.15;33.65893271;11422;26.5;0;43017;42463;99;554
FPB-AC-S-9.0563W-70.4097;637347.18326;91753040.6010832;161.926165;336733659;33.57333804;378523;59.4;0;637153;566635;89;70518
FPB-AC-S-9.1354W-69.6219;16417.504257;2518435.28413125;154.878175;9242657.493;31.06354009;15287;93.1;0;16387;16261;99;126
FPB-AM-S-0.2288W-62.9915;1550730.27778;109595979.568011;112.502726;402217245;24.88253415;1473525;95;0;974539;974163;100;376
FPB-AM-S-0.728W-59.3196;136060.486203;28426187.0872602;209.198284;104324106.6;33.30574417;119886;88.1;0;135892;135882;100;10
FPB-AM-S-0.7505W-59.8889;242426.068861;46410003.826466;195.931605;170324714;35.88342103;77747;32.1;3164.994605;238639;236868;99;1771
FPB-AM-S-0.9584W-64.5718;450499.233844;72303175.2224395;181.861167;265352653.1;12.09556579;449147;99.7;0;397716;397573;100;143
FPB-AM-S-0.9961W-63.1165;982586.583413;98821525.964873;118.638265;362675000.3;19.24251908;744338;75.8;0;833980;832965;100;1014
FPB-AM-S-1.3823W-59.9903;35883.28264;5948440.15975776;184.298261;21830775.39;36.27840112;22660;63.1;0;32302;32276;100;26
FPB-AM-S-1.3886W-64.052;1159504.38854;157530382.663932;142.95542;578136504.4;12.14350655;942634;81.3;0;1102095;1101955;100;141
FPB-AM-S-1.4718W-61.9539;99476.45693;15637343.3372429;163.760043;57389050.05;21.07632438;89592;90.1;0;95672;95489;100;183
FPB-AM-S-1.5418W-58.7971;727628.18421;131018460.174405;180.2415;480837748.8;43.28088498;725567;99.7;28.64221733;727467;726905;100;562
FPB-AM-S-1.5716W-58.3568;296965.637983;52547685.3085796;177.681333;192850005.1;49.8837699;229732;77.4;50.50856211;296387;295741;100;646
FPB-AM-S-1.5799W-59.937;20794.904292;2427575.20951608;159.456702;8909201.019;40.10080183;16189;77.9;0;15398;15224;99;174
FPB-AM-S-1.7113W-60.1885;10814.43134;1922810.55653124;203.871994;7056714.742;39.62910798;9925;91.8;1.875831351;10801;9431;87;1370
FPB-AM-S-1.7336W-61.3491;38450.910912;6491274.73841016;171.686376;23822978.29;29.34132124;1075;2.8;0;37959;37809;100;150
FPB-AM-S-1.7641W-59.4169;102195.922939;17038739.5086636;181.131288;62532174;46.06260741;68453;67;0;94441;94068;100;372
FPB-AM-S-1.7902W-65.7724;349601.504937;73557429.4780973;218.583931;269955766.2;11.20375929;10660;3;0;336645;336518;100;127
FPB-AM-S-1.8203W-60.441;93851.884752;18428081.5140666;200.770957;67631059.16;29.09761273;39761;42.4;0;93889;91787;98;2103
FPB-AM-S-1.9051W-66.9482;36482.131137;6901036.62051492;197.539164;25326804.4;11.32354949;6093;16.7;0;35247;34935;99;312
FPB-AM-S-2.0688W-58.3261;83350.397514;14912820.6357181;182.760127;54730051.73;52.9978979;80898;97.1;0;82078;81598;99;480
FPB-AM-S-2.0985W-67.3672;875864.390817;162324842.737716;186.833348;595732172.8;9.223312324;502532;57.4;0;869138;868822;100;317
FPB-AM-S-2.1199W-60.2781;10429.965031;2161819.96697394;208.498011;7933879.279;57.68948655;5777;55.4;0;10435;10369;99;67
FPB-AM-S-2.2443W-57.18;116221.554051;19707809.291618;176.614353;72327660.1;40.32628399;80636;69.4;0;115751;111587;96;4164
FPB-AM-S-2.2548W-58.0158;113281.632712;21252638.5522977;196.034349;77997183.49;47.28993822;84206;74.3;0;111206;108413;97;2793
FPB-AM-S-2.2903W-57.7477;83633.136574;15699266.4040619;192.289403;57616307.7;48.0486422;61105;73.1;0;83405;81644;98;1761
FPB-AM-S-2.2981W-59.2349;43311.715819;9331444.0289385;216.660143;34246399.59;60.48405797;9882;22.8;0;43189;43070;100;120
FPB-AM-S-2.4656W-57.1469;26188.188086;1855634.83904592;158.056581;6810179.859;33.9547642;13151;50.2;0;14413;11740;81;2673
FPB-AM-S-2.5173W-57.7924;57382.584639;5470492.58330607;168.490873;20076707.78;39.75425578;37510;65.4;0;37772;32468;86;5304
FPB-AM-S-2.5827W-61.9012;437994.421134;72316579.5744157;165.606489;265401847;26.925507;398226;90.9;0;437363;436677;100;685
FPB-AM-S-2.5914W-59.3626;40895.283258;8620307.94965733;213.897107;31636530.18;61.08724832;10639;26;0;40719;40301;99;418
FPB-AM-S-2.6026W-57.1636;18510.691776;0;125.166317;0;36.85447263;6692;36.2;0;0;0;;0
FPB-AM-S-2.6082W-66.4238;376863.560266;83665337.7237648;229.830931;307051789.4;10.86289842;330385;87.7;0;365975;364030;99;1945
FPB-AM-S-2.7166W-58.0914;33454.547011;3494685.0552579;169.088555;12825494.15;42.44362564;9277;27.7;0;22260;20668;93;1592
FPB-AM-S-2.7589W-57.1202;31448.455959;469193.83869249;147.638551;1721941.388;45.2046549;15298;48.6;0;4022;3178;79;844
FPB-AM-S-2.7823W-57.7156;151687.935132;0;123.000481;0;36.92544437;19450;12.8;0;0;0;;0
FPB-AM-S-2.8007W-59.4013;17840.956701;3352071.64009482;207.570697;12302102.92;63.73295455;10416;58.4;0;17867;16149;90;1717
FPB-AM-S-2.814W-59.9608;13713.623844;2342367.00099864;204.108633;8596486.894;67.72282609;5374;39.2;20.37720616;13780;11476;83;2304
FPB-AM-S-2.835W-57.1324;12090.082527;1470011.92438464;193.595584;5394943.762;44.93305439;8174;67.6;0;10392;7593;73;2798
FPB-AM-S-2.8381W-58.3316;39674.863868;6055452.6352425;181.657875;22223511.17;48.23125394;17703;44.6;0;36034;33334;93;2700
FPB-AM-S-2.8537W-65.7212;245561.295666;54332733.8662376;229.542951;199401133.3;14.2305026;7881;3.2;0;237225;236700;100;525
FPB-AM-S-2.8821W-68.9849;597714.875565;110829163.222999;186.850544;406743029;9.708782936;162017;27.1;6.072536908;593663;593143;100;520
FPB-AM-S-2.9307W-59.2429;20852.831254;3957074.5383207;204.228305;14522463.56;60.9964497;9931;47.6;0;20725;19376;93;1350
FPB-AM-S-2.9364W-57.3062;28984.492236;4805234.3303865;194.62435;17635209.99;47.03481288;17309;59.7;0;27888;24690;89;3198
FPB-AM-S-2.9383W-59.2593;17078.66134;3050028.12968865;202.486789;11193603.24;58.99145299;13199;77.3;0;16954;15063;89;1891
FPB-AM-S-2.9597W-63.5628;406698.616993;75263487.6956117;188.184397;276216999.8;13.53547277;356283;87.6;0;400153;399945;100;208
FPB-AM-S-2.9606W-67.9193;275990.003985;52349160.8693353;194.746626;192121420.4;11.67072064;137818;49.9;9.820752972;271931;268807;99;3125
FPB-AM-S-2.9639W-64.7512;40957.580332;6961634.14624587;198.026913;25549197.32;17.08979841;318;0.8;0;35160;35155;100;5
FPB-AM-S-2.9857W-61.2394;163929.407249;32413605.6656318;205.256916;118957932.8;22.29067642;100987;61.6;0;162094;157917;97;4177
FPB-AM-S-3.015W-58.0688;22460.986062;39573.10160595;91.891563;145233.2829;31.96132597;4103;18.3;0;613;431;70;182
FPB-AM-S-3.0318W-56.8581;72853.368371;13201922.2606042;197.326824;48451054.7;51.14526099;44251;60.7;0;71947;66904;93;5044
FPB-AM-S-3.0953W-60.877;20996.577631;4197939.9374592;214.444288;15406439.57;25.64677804;4967;23.7;0;20631;19576;95;1055
FPB-AM-S-3.0999W-58.9966;22826.262196;3330541.59750648;184.188348;12223087.66;50.95196507;14727;64.5;0;22394;18082;81;4312
FPB-AM-S-3.1014W-57.075;10215.557579;1923483.23920818;208.479193;7059183.488;50.40394089;5487;53.7;0;10024;9226;92;798
FPB-AM-S-3.1111W-57.426;15019.25473;2796736.90020453;197.164213;10264024.42;48.91147541;7527;50.1;0;14696;14185;97;511
FPB-AM-S-3.1175W-64.0425;106966.689787;19963265.7011968;198.814951;73265185.12;11.39597943;56256;52.6;0;100669;100411;100;257
FPB-AM-S-3.1462W-66.8742;332490.361301;72130209.9685803;225.989146;264717870.6;12.70577617;37591;11.3;0;320441;319176;100;1266
FPB-AM-S-3.1529W-59.7162;22151.223827;600300.50426262;202.723409;2203102.851;29.79840547;12654;57.1;0;3061;2961;97;100
FPB-AM-S-3.1544W-69.4948;222280.341433;41462626.8628908;187.907972;152167840.6;10.72074707;3359;1.5;11.62136144;221010;220654;100;356
FPB-AM-S-3.2028W-57.9149;44604.247736;2197790.54701218;117.092034;8065891.308;44.3252673;2653;5.9;0;20237;18770;93;1467
FPB-AM-S-3.2324W-57.3117;16862.800218;3293071.09911936;199.684992;12085570.93;49.35072464;9083;53.9;0;16714;16491;99;223
FPB-AM-S-3.2547W-68.094;50852.331641;10828239.8160258;224.99743;39739640.12;15.78771499;62;0.1;1.785213757;48126;48126;100;0
FPB-AM-S-3.3437W-58.2378;44719.32828;6442344.2274138;173.25479;23643403.31;47.33633296;9014;20.2;0;40013;37184;93;2828
FPB-AM-S-3.3461W-64.8939;23816.6336;4580238.59933832;208.038148;16809475.66;12.995842;8445;35.5;0;23687;22016;93;1671
FPB-AM-S-3.3524W-62.6564;790563.534042;134584455.87664;190.466921;493924953.1;19.98601;255963;32.4;0;709637;706603;100;3034
FPB-AM-S-3.3695W-58.119;48694.482571;6208799.95562256;168.244568;22786295.84;46.43033419;17440;35.8;0;39965;36903;92;3062
FPB-AM-S-3.389W-59.5373;160920.802054;14699881.3163843;189.041246;53948564.43;34.80021783;82450;51.2;0;105957;77760;73;28197
FPB-AM-S-3.4146W-65.4477;772413.900997;168528093.205144;221.463502;618498102.1;13.77743261;341280;44.2;0;769551;760975;99;8577
FPB-AM-S-3.4186W-64.2616;135958.490834;22569682.4764544;202.159369;82830734.69;15.11194577;3849;2.8;0;111661;111643;100;18
FPB-AM-S-3.498W-58.9215;16263.256327;681691.3875387;169.467474;2501807.392;30.41474654;9206;56.6;0;5802;4023;69;1780
FPB-AM-S-3.5004W-60.1255;10414.129083;1789307.25236928;206.031252;6566757.616;34.33806147;6000;57.6;0;10339;8685;84;1655
FPB-AM-S-3.5032W-64.6916;96242.119524;16856099.6706362;188.552734;61861885.79;13.66779046;19813;20.6;0;95715;89397;93;6317
FPB-AM-S-3.5227W-58.5425;33327.430039;4945472.92094463;170.502447;18149885.62;47.3598513;14702;44.1;0;32656;29005;89;3650
FPB-AM-S-3.5519W-68.8872;447062.653331;99920363.1441507;227.470654;366707732.7;13.17878941;12306;2.8;0;440347;439267;100;1080
FPB-AM-S-3.551W-59.7993;24939.787493;4333980.13078212;194.479788;15905707.08;37.1039604;11866;47.6;0;24957;22285;89;2672
FPB-AM-S-3.5648W-59.8566;11242.018146;1985380.08199245;192.737571;7286344.901;36.99344978;5761;51.2;0;11058;10301;93;757
FPB-AM-S-3.5687W-66.1258;54604.200579;11321161.9211458;223.611591;41548664.25;21.23150685;5552;10.2;0;51800;50629;98;1171
FPB-AM-S-3.5738W-63.5938;448709.904809;84285625.4157695;202.046501;309328245.3;13.48798264;101295;22.6;0;418159;417160;100;999
FPB-AM-S-3.5851W-60.94;47745.565184;8387788.43246832;197.088534;30783183.55;31.79284963;5685;11.9;0;44371;42558;96;1812
FPB-AM-S-3.6007W-67.8791;383746.966174;79006737.4738493;207.942865;289954726.5;12.55070954;4150;1.1;0;380646;379944;100;701
FPB-AM-S-3.6154W-60.3593;19809.15073;3452476.51729674;201.211914;12670588.82;30.19035847;7944;40.1;0;19592;17158;88;2434
FPB-AM-S-3.6609W-64.3294;24299.809667;4482627.9212484;197.690665;16451244.47;13.18410042;1885;7.8;0;24248;22675;94;1573
FPB-AM-S-3.6612W-66.4907;647785.645991;147448853.304123;232.237169;541137291.6;16.03245851;370914;57.3;0;637497;634906;100;2591
FPB-AM-S-3.7265W-57.6407;526557.623712;96754691.673951;198.578786;355089718.4;50.06081273;232305;44.1;0;499046;487236;98;11811
FPB-AM-S-3.7469W-64.8194;104858.484817;20050221.2797774;195.056641;73584312.1;12.77722063;40519;38.6;0;104106;102792;99;1314
FPB-AM-S-3.7522W-61.7006;40335.958196;7468632.24619194;189.756753;27409880.34;23.68024691;13441;33.3;0;40133;39359;98;774
FPB-AM-S-3.7815W-61.9882;71266.995491;12941224.2334746;186.746903;47494292.94;22.61969856;35314;49.6;0;71165;69298;97;1867
FPB-AM-S-3.785W-60.1765;11480.669283;1994653.818801;184.82879;7320379.515;37.64666667;2416;21;0;11222;10792;96;430
FPB-AM-S-3.7902W-64.5098;101276.315539;19382992.5843391;195.017838;71135582.78;12.62168142;2193;2.2;0;101250;99391;98;1859
FPB-AM-S-3.8292W-59.2241;18181.78714;2674625.14221534;178.931741;9815874.272;34.10854817;8343;45.9;0;16908;14948;88;1960
FPB-AM-S-3.8956W-58.6798;56178.803763;7759945.59933168;172.115184;28479000.35;46.53880464;24266;43.2;0;49126;45086;92;4040
FPB-AM-S-3.9024W-59.7348;27795.26122;4202119.70099001;180.189717;15421779.3;33.29724933;16375;58.9;0;27199;23321;86;3878
FPB-AM-S-3.9308W-59.6941;11618.150332;1469658.55372875;172.571091;5393646.892;30.46218487;5416;46.6;0;10415;8516;82;1899
FPB-AM-S-3.9532W-62.2411;156599.279603;29952909.6908933;196.802359;109927178.6;27.13762788;25366;16.2;0;152803;152198;100;605
FPB-AM-S-3.9787W-60.623;39179.17981;7385201.1470673;191.923805;27103688.21;35.21036008;3378;8.6;0;39018;38480;99;538
FPB-AM-S-3.9951W-59.6574;19420.2867;2553011.8560522;173.375292;9369553.512;31.15159236;12961;66.7;0;18947;14725;78;4221
FPB-AM-S-4.002W-60.6549;159119.996472;30149099.8535403;191.787801;110647196.5;35.48816288;22329;14;1.3575681;158708;157200;99;1507
FPB-AM-S-4.0824W-60.8462;14443.85681;2580718.54383396;188.089697;9471237.056;32.36443662;5447;37.7;0;14006;13721;98;286
FPB-AM-S-4.0903W-63.9653;356357.526101;67603107.0998268;197.946508;248103403.1;12.88014035;217918;61.2;0;343624;341522;99;2102
FPB-AM-S-4.1022W-63.1411;74948.946032;13022899.8026778;191.34066;47794042.28;22.73933333;17898;23.9;0;71521;68061;95;3459
FPB-AM-S-4.1547W-69.7129;14993.560493;2945630.01442779;207.090617;10810462.15;21.67874794;9981;66.6;0;14675;14224;97;451
FPB-AM-S-4.1967W-62.9705;214991.975784;39776628.0526091;189.299773;145980225;23.6200909;32105;14.9;0;211747;210125;99;1622
FPB-AM-S-4.209W-66.3211;309501.470563;61706790.3205937;203.438297;226463920.5;20.69245695;45797;14.8;0;304084;303319;100;764
FPB-AM-S-4.2238W-68.101;748424.112842;151414695.369295;204.44888;555691932;17.7769056;254072;33.9;2706.425216;743238;740599;100;2638
FPB-AM-S-4.2282W-61.6039;65581.492857;12611232.2111396;194.586431;46283222.21;29.5382263;18563;28.3;0;65132;64810;100;322
FPB-AM-S-4.2356W-59.583;19275.588358;3293096.73567966;180.382969;12085665.02;33.57124352;6738;35;0;18657;18256;98;401
FPB-AM-S-4.2738W-62.6302;137496.134841;25106286.2526;182.80389;92140070.55;26.32165547;29285;21.3;0;137388;137340;100;48
FPB-AM-S-4.294W-61.0391;150323.261073;28506466.7592152;190.206956;104618733;32.85956739;71476;47.5;0;150005;149871;100;134
FPB-AM-S-4.4182W-65.1428;396560.436287;73935102.7582643;187.493813;271341827.1;13.96298865;56882;14.3;0;395241;394334;100;908
FPB-AM-S-4.444W-61.0816;19184.609228;3396158.53213824;188.404172;12463901.81;32.86535948;8030;41.9;0;19194;18026;94;1168
FPB-AM-S-4.4465W-70.1384;15988.240551;2372351.8617864;152.37742;8706531.333;22.16124031;1298;8.1;0;15837;15569;98;268
FPB-AM-S-4.5107W-69.3578;487277.950532;88966422.1736897;183.544978;326506769.4;24.37821304;47919;9.8;0;484840;484712;100;128
FPB-AM-S-4.5311W-60.0768;33227.105205;4604493.53161575;171.405825;16898491.26;33.49010654;22771;68.5;0;31015;26863;87;4152
FPB-AM-S-4.5748W-59.605;11916.001083;2155623.9416784;185.900164;7911139.866;48.72727273;2014;16.9;0;11923;11596;97;327
FPB-AM-S-4.5916W-64.0502;451090.734387;84263685.4298356;193.911517;309247725.5;19.91187718;273168;60.6;0;436105;434547;100;1558
FPB-AM-S-4.6668W-64.936;818162.164161;151491796.146385;186.063575;555974891.9;17.27474945;768662;93.9;0;816269;814194;100;2075
FPB-AM-S-4.7112W-71.2755;473311.104856;73988402.3253492;157.701563;271537436.5;19.27845959;409946;86.6;0;469692;469167;100;525
FPB-AM-S-4.7838W-66.845;391184.96212;78268538.7022316;204.494871;287245537;25.83135149;140967;36;0;385397;382741;99;2656
FPB-AM-S-4.8207W-63.5793;192972.195597;34527675.2108409;190.895529;126716568;20.55757026;104942;54.4;0;181752;180872;100;880
FPB-AM-S-5.0176W-66.2081;883425.597623;170643203.145029;193.613488;626260555.5;23.06128804;454313;51.4;0;882142;881360;100;782
FPB-AM-S-5.067W-67.2244;32569.240756;4872010.23078156;156.612567;17880277.55;21.81139338;3666;11.3;0;32498;31109;96;1390
FPB-AM-S-5.0944W-69.5086;15451.889731;2782343.186847;180.078196;10211199.5;25.11326861;0;0;0;15451;15451;100;0
FPB-AM-S-5.1466W-60.3161;23470.303356;4152457.66497291;201.410087;15239519.63;38.73712446;12452;53.1;0;23301;20617;88;2684
FPB-AM-S-5.3174W-64.871;923949.503114;169017020.53953;183.841307;620292465.4;23.30211856;628271;68;0;919784;919364;100;420
FPB-AM-S-5.3514W-63.2924;173481.300357;33290543.7280327;203.498937;122176295.5;26.18735632;122683;70.7;0;163872;163591;100;281
FPB-AM-S-5.3652W-59.7152;72480.640283;11489337.2267838;183.470205;42165867.62;43.75061555;69349;95.7;0;70116;62622;89;7494
FPB-AM-S-5.3665W-61.6652;92252.262474;16399554.3941425;183.343366;60186364.63;29.12238806;30153;32.7;0;90503;89447;99;1056
FPB-AM-S-5.5148W-60.2736;73192.948946;13105706.6537249;206.538537;48097943.42;37.12391159;39927;54.6;0;71157;63454;89;7703
FPB-AM-S-5.5348W-62.9474;34237.794102;5587492.35846186;185.180513;20506096.96;25.46842878;1091;3.2;0;30887;30173;98;714
FPB-AM-S-5.7048W-63.9936;780242.82862;141616989.196574;196.974423;519734350.4;24.75805935;266457;34.2;0;719931;718961;100;969
FPB-AM-S-5.7125W-63.5046;18706.674328;3076393.4719056;192.00866;11290364.04;26.91420912;7745;41.4;0;16102;16022;100;80
FPB-AM-S-5.7393W-61.4381;73343.857217;12129677.2640858;183.046725;44515915.56;28.5025606;29443;40.1;0;68379;66265;97;2113
FPB-AM-S-5.7792W-63.3428;15945.226259;1947168.79702659;173.066441;7146109.485;27.20061728;3955;24.8;0;11476;11251;98;225
FPB-AM-S-5.7798W-68.7859;157632.606937;32641437.1784069;208.179388;119794074.4;26.03078876;133619;84.8;0;157240;156795;100;445
FPB-AM-S-5.8473W-62.5633;11949.89721;2055785.47091316;202.453874;7544732.678;26.38603696;2974;24.9;0;11062;10154;92;907
FPB-AM-S-5.8922W-66.7909;1114064.93498;234265760.333619;211.308179;859755340.4;22.82865282;1104930;99.2;0;1109109;1108645;100;464
FPB-AM-S-5.9042W-60.9997;110630.533889;20467396.210777;197.533101;75115344.09;32.32566531;94999;85.9;0;104606;103615;99;991
FPB-AM-S-5.9608W-61.4272;101178.580103;18570897.2490827;190.299881;68155192.9;32.30197531;47718;47.2;0;100591;97588;97;3003
FPB-AM-S-5.9917W-67.9689;157124.040953;32668632.7017858;212.57539;119893882;29.12099474;42330;26.9;0;154400;153680;100;720
FPB-AM-S-6.12W-62.1526;11638.305641;2100770.13635082;193.930729;7709826.4;27.84782609;674;5.8;0;11201;10833;97;369
FPB-AM-S-6.1745W-65.2597;1565628.25749;301510849.934006;197.349948;1106544819;20.62442124;1499979;95.8;0;1529374;1527798;100;1576
FPB-AM-S-6.4548W-61.4623;215652.305796;39555768.4071077;199.676044;145169670.1;30.81758318;171135;79.4;0;200728;198100;99;2629
FPB-AM-S-6.4941W-64.4431;17773.258452;3782794.02129;231.499475;13882854.06;28.07797538;960;5.4;0;16673;16340;98;333
FPB-AM-S-6.5087W-62.8196;97579.907466;13862445.631443;176.621476;50875175.47;30.27398312;54110;55.5;0;94648;78487;83;16162
FPB-AM-S-6.5131W-66.4621;761144.882142;160276998.416212;211.055305;588216584.2;22.90534547;720878;94.7;0;759515;759408;100;107
FPB-AM-S-6.51W-62.3719;11389.219709;1802043.4092975;195.438795;6613499.312;27.11790393;6672;58.6;0;9312;9221;99;91
FPB-AM-S-6.5308W-64.1355;122230.632604;22869684.4285944;190.559742;83931741.85;25.1380719;32866;26.9;0;120964;120013;99;951
FPB-AM-S-6.5519W-62.4743;90087.882849;15799823.3613052;183.177629;57985351.74;30.89024729;76967;85.4;0;86621;86254;100;367
FPB-AM-S-6.5584W-58.5166;126128.396903;18330143.3487157;189.080158;67271626.09;42.83977791;43742;34.7;215.0979853;125855;96944;77;28911
FPB-AM-S-6.6108W-68.9246;688704.117157;133421609.751143;197.773109;489657307.8;30.37076325;127268;18.5;0;678347;674620;99;3727
FPB-AM-S-6.6992W-58.9807;42795.306318;5340713.68420524;200.919807;19600419.22;46.56696165;14665;34.3;0;42642;26581;62;16061
FPB-AM-S-6.7328W-61.1622;14740.00573;2125451.16034524;184.115477;7800405.758;36.09166667;13059;88.6;0;11544;11544;100;0
FPB-AM-S-6.7556W-62.7365;42093.541465;5698883.61486873;172.767733;20914902.87;32.9796529;26541;63.1;0;33155;32986;99;169
FPB-AM-S-6.7969W-62.7067;15896.53525;1890261.24782256;165.267876;6937258.78;34.59557662;13397;84.3;0;11467;11438;100;30
FPB-AM-S-6.8028W-64.4254;27440.77056;5327484.844176;204.30136;19551869.38;25.81886088;4872;17.8;0;27065;26077;96;988
FPB-AM-S-6.8233W-60.2439;26656.09235;3910024.42181433;174.890467;14349789.63;45.86346516;7471;28;0;26651;22357;84;4294
FPB-AM-S-6.9148W-70.583;499891.735811;88390724.4122112;187.378688;324393958.6;30.99104059;108682;21.7;0;480540;471722;98;8817
FPB-AM-S-7.1971W-62.8067;28913.689849;4703423.93465868;187.347699;17261565.84;37.3609923;497;1.7;0;25194;25105;100;89
FPB-AM-S-7.2264W-71.648;322198.769145;51519545.1632477;164.170784;189076730.7;30.88301506;224718;69.7;0;321839;313817;98;8022
FPB-AM-S-7.2364W-73.2656;10787.643132;1958157.79301205;182.879095;7186439.1;30.09259259;9874;91.5;0;10788;10707;99;81
FPB-AM-S-7.2888W-72.7266;52924.156364;8370349.28600985;167.110565;30719181.88;31.7759434;28993;54.8;0;52542;50089;95;2454
FPB-AM-S-7.2954W-73.2206;14082.378609;2509917.22451772;178.810297;9211396.214;30.35;11062;78.5;0;14083;14037;100;46
FPB-AM-S-7.3001W-64.743;20631.988745;2294584.056279;179.01795;8421123.487;28.79901961;16171;78.4;0;14490;12818;88;1672
FPB-AM-S-7.31W-60.2898;151263.603829;22299666.5564668;186.903803;81839776.26;41.49843001;88104;58.2;0;149898;119311;80;30587
FPB-AM-S-7.341W-72.8017;78461.839414;10561148.1552931;168.314377;38759413.73;31.12412253;49670;63.3;0;73376;62747;86;10629
FPB-AM-S-7.343W-64.6674;28694.488692;4376885.34472308;178.381828;16063169.22;28.81201044;22896;79.8;0;25418;24537;97;882
FPB-AM-S-7.4137W-61.3918;41301.142623;5371341.76315863;190.832649;19712824.27;38.71617559;19177;46.4;0;39999;28147;70;11852
FPB-AM-S-7.4225W-63.2687;15875.68526;2494936.56106332;174.295452;9156417.179;29.5645933;11641;73.3;0;15828;14314;90;1514
FPB-AM-S-7.4262W-64.303;42574.460377;5941986.40036584;179.684164;21807090.09;24.80819477;37388;87.8;0;42500;33069;78;9431
FPB-AM-S-7.5036W-64.5983;51504.046953;7769834.15535369;173.292727;28515291.35;25.91442543;31996;62.1;0;51441;44836;87;6605
FPB-AM-S-7.5116W-63.6839;105350.435779;15705592.7515419;179.754149;57639525.4;29.03579896;89297;84.8;0;105370;87373;83;17997
FPB-AM-S-7.5397W-67.7862;155587.044803;29102207.9436387;196.296867;106805103.2;26.47259832;96861;62.3;0;153599;148256;97;5342
FPB-AM-S-7.5488W-65.1028;16941.833356;2997307.33640316;189.321836;11000117.92;29.92511013;12759;75.3;0;16176;15832;98;345
FPB-AM-S-7.5826W-70.4443;195817.717574;39870703.9176494;213.743112;146325483.4;31.12401123;107792;55;0;194471;186536;96;7935
FPB-AM-S-7.6217W-62.694;40490.080609;6159133.51267896;188.223368;22604019.99;39.09476923;16737;41.3;0;34984;32722;94;2261
FPB-AM-S-7.628W-61.0095;139235.649178;16728513.8855267;197.472294;61393645.96;38.05630027;88756;63.7;0;132097;84713;64;47384
FPB-AM-S-7.6583W-69.4296;689062.32138;130963591.296588;193.351166;480636380.1;29.41859874;457602;66.4;0;686944;677335;99;9609
FPB-AM-S-7.6816W-67.1926;26106.90296;5055734.00470752;237.016566;18554543.8;28.51494696;10107;38.7;0;25642;21331;83;4311
FPB-AM-S-7.7606W-63.2843;33886.809311;4484512.77415812;168.618978;16458161.88;31.47356828;22230;65.6;0;33507;26596;79;6912
FPB-AM-S-7.7687W-62.952;10547.438329;1256088.68288316;184.320196;4609845.466;32.21718377;1358;12.9;0;6863;6815;99;48
FPB-AM-S-7.7872W-63.0178;33667.926726;3656100.05640396;167.834501;13417887.21;34.24384787;10616;31.5;0;22806;21784;96;1022
FPB-AM-S-7.8016W-64.9892;50538.362393;8451518.51807262;180.261798;31017072.96;29.82857143;28103;55.6;0;47371;46885;99;486
FPB-AM-S-7.8064W-63.6237;54513.764952;7774845.7569696;170.839085;28533683.93;28.25148878;40698;74.7;0;53364;45510;85;7854
FPB-AM-S-7.8452W-63.5082;24582.210033;3478965.27887169;168.212959;12767802.57;27.86965377;12618;51.3;0;24583;20682;84;3901
FPB-AM-S-7.897W-63.2239;12340.361875;1606870.149003;156.807595;5897213.447;33.37195122;8403;68.1;0;10879;10247;94;632
FPB-AM-S-7.9313W-61.483;178086.752411;18874870.6796902;188.083137;69270775.39;37.59457941;87559;49.2;0;176822;100354;57;76468
FPB-AM-S-8.2384W-63.8937;79914.296018;8627604.58954611;141.536121;31663308.84;28.52805486;59714;74.7;0;71150;60957;86;10193
FPB-AM-S-8.3431W-61.2785;38715.755571;4319398.41193476;166.992518;15852192.17;35.0501906;27614;71.3;0;37173;25866;70;11307
FPB-AM-S-8.406W-66.9235;13996.023643;2077858.48507677;167.012569;7625740.64;33.00179211;13998;100;0;13749;12441;90;1308
FPB-AM-S-8.4387W-64.1288;13276.362226;1471699.37063043;153.350419;5401136.69;29.93421053;11395;85.8;0;13292;9597;72;3695
FPB-AM-S-8.4485W-67.2104;19009.938531;3956793.344901;223.141076;14521431.58;33.66491459;15776;83;0;18966;17732;93;1234
FPB-AM-S-8.5549W-67.2364;16689.085729;2501162.04897882;187.397601;9179264.72;32.79402985;14607;87.5;0;16690;13347;80;3343
FPB-AM-S-8.6016W-67.1415;51863.542656;6096247.95621834;177.395298;22373230;33.02512077;40317;77.7;0;51789;34365;66;17424
FPB-AM-S-8.6251W-68.3938;339155.74689;46665929.9574484;145.586891;171263962.9;28.53682657;265529;78.3;0;338306;320537;95;17770
FPB-AM-S-8.6651W-66.9683;10818.777998;791481.923298;176.194975;2904738.659;33;9623;88.9;0;10727;4492;42;6235
FPB-AM-S-8.6829W-66.6441;46344.315644;3986888.93970588;164.761502;14631882.41;32.71750806;38265;82.6;0;46355;24198;52;22158
FPB-AM-S-8.6876W-64.2655;32369.188172;3180866.46931071;143.423953;11673779.94;30.56974922;24563;75.9;0;32413;22178;68;10235
FPB-AM-S-8.7224W-67.1438;14707.12647;1346997.0637692;181.611868;4943479.224;32.93150685;12130;82.5;0;14724;7417;50;7307
FPB-AM-S-8.7423W-67.6126;12574.54499;1830017.49219909;164.360477;6716164.196;28.70693069;8944;71.1;0;12571;11134;89;1437
FPB-AM-S-8.862W-68.5628;28815.495024;3930832.7790885;145.507825;14426156.3;29.66320346;13431;46.6;0;28815;27015;94;1800
FPB-AM-S-8.9058W-64.3545;24120.829467;2110809.01382604;111.350027;7746669.081;32.8177137;18023;74.7;0;23720;18957;80;4763
FPB-AM-S-8.9311W-66.9374;41136.636826;3837486.47300406;160.675954;14083575.36;32.66181818;36135;87.8;0;41170;23883;58;17286
FPB-AM-S-9.0183W-68.1612;15720.820068;1887362.20073835;144.520803;6926619.277;28.94761905;690;4.4;0;13238;13059;99;178
FPB-AM-S-9.1964W-65.4121;84291.40523;6475667.54652972;136.401892;23765699.9;32.79785969;40333;47.8;147.8429562;84278;47475;56;36803
FPB-AM-S-9.4063W-67.3198;37070.446618;4373385.57495954;168.701693;16050325.06;32.46106974;35490;95.7;0;37117;25924;70;11193
FPB-AM-S-9.4722W-67.1169;27427.625321;4002383.5402176;172.314508;14688747.59;31.7136322;22741;82.9;0;27421;23227;85;4193
FPB-AM-S-9.5333W-66.5582;11700.218997;955092.13474968;149.491954;3505188.135;32.84120172;7031;60.1;0;11721;6389;55;5332
FPB-AP-N0.0131W-51.5369;93781.208088;15924421.6347211;201.561588;58442627.4;30.01012793;48100;51.3;346.1205432;81059;79005;97;2054
FPB-AP-N0.2448W-51.263;100885.576892;9130897.93394592;170.552336;33510395.42;29.60437376;46760;46.3;49.77741354;55699;53537;96;2162
FPB-AP-N0.5317W-51.1657;10110.25044;297454.54691214;158.424433;1091658.187;27.96;5117;50.6;24.5918616;2077;1878;90;200
FPB-AP-N0.557W-50.5482;62796.737723;4594354.9289649;183.85811;16861282.59;23.55472945;16683;26.6;0;25551;24989;98;563
FPB-AP-N0.595W-50.6731;86987.145551;7493395.40633142;195.219966;27500761.14;25.59385763;46875;53.9;0;43458;38384;88;5074
FPB-AP-N0.6671W-51.7024;75032.375698;14675730.91029;231.47658;53859932.44;22.45469687;37712;50.3;627.1344294;72153;63401;88;8753
FPB-AP-N0.9254W-51.0622;77479.287422;6020660.09339262;142.037134;22095822.54;20.2855763;52089;67.2;2.502044461;45647;42388;93;3259
FPB-AP-N1.0194W-50.193;69159.771193;3101413.5264249;156.820955;11382187.64;15.9413419;21349;30.9;0;20655;19777;96;878
FPB-AP-N1.0202W-50.4453;145438.907656;1980233.85714183;145.937761;7267458.256;19.53206569;52652;36.2;0;14558;13569;93;989
FPB-AP-N1.0271W-51.9438;17353.975024;3839329.06255008;241.596696;14090337.66;19.47605225;7753;44.7;745.9336254;17284;15891;92;1393
FPB-AP-N1.2235W-50.5531;46901.778098;83045.24289324;158.598302;304776.0414;14.75452609;17947;38.3;0;592;524;88;69
FPB-AP-N1.4205W-50.7063;69501.39484;623030.5174959;166.52381;2286521.999;16.21099928;21885;31.5;0;4228;3741;88;487
FPB-AP-N1.5372W-51.081;11985.818771;2037894.6846051;215.127778;7479073.493;18.73560768;2472;20.6;0;10326;9473;92;853
FPB-AP-N1.827W-50.7075;108297.112828;558742.95327843;153.377351;2050586.639;16.35817805;41028;37.9;0;4771;3643;76;1128
FPB-AP-N1.9827W-50.9528;41266.737679;4278267.81280395;143.838023;15701242.87;18.51364463;27294;66.1;0;30143;29744;99;399
FPB-AP-N2.3199W-50.8977;25395.128912;1749114.58776318;151.117417;6419250.537;17.94427558;9842;38.8;0;11994;11575;96;420
FPB-AP-N2.63W-50.9831;19937.495302;1485783.15654384;161.555416;5452824.185;17.05012531;12072;60.5;0;9406;9197;98;209
FPB-AP-N2.798W-51.1408;10724.248713;307848.77549712;74.919878;1129805.006;18.64028777;5622;52.4;0;4127;4109;100;18
FPB-AP-N3.0979W-51.4163;12325.042979;2512044.1130112;215.900381;9219201.895;15.44219067;2075;16.8;0;11979;11635;97;344
FPB-AP-N3.9191W-51.6981;20222.233409;2549855.50320564;203.514983;9357969.697;13.70347395;4266;21.1;0;16038;12529;78;3509
FPB-MT-S-10.0471W-53.7404;107445.03876;9827330.592555;116.72731;36066303.27;24.07472067;83036;77.3;0;104859;84191;80;20669
FPB-MT-S-10.1675W-59.5244;23571.36896;3429536.96377035;170.752431;12586400.66;33.74893162;12619;53.5;0;23621;20085;85;3536
FPB-MT-S-10.287W-61.3468;10529.169362;1728334.88719848;176.413987;6342989.036;37.14084507;9058;86;0;10336;9797;95;539
FPB-MT-S-10.4039W-58.9168;15356.48827;576791.1895122;112.553407;2116823.666;34.91297209;5628;36.7;0;7510;5125;68;2386
FPB-MT-S-10.443W-55.0551;34798.143612;1742048.73590904;77.339006;6393318.861;25.70338373;27794;79.9;474.7235912;34646;22525;65;12121
FPB-MT-S-10.6104W-61.3882;10204.894318;1519890.86999772;175.076212;5577999.493;39.86407767;8371;82;0;10095;8681;86;1414
FPB-MT-S-15.6815W-59.7374;76571.755079;1320776.61725079;128.531103;4847250.185;34.94608639;48325;63.1;0;15048;10276;68;4772
FPB-MT-S-15.6981W-57.6094;12193.508755;991482.79432356;105.620942;3638741.855;25.84478936;9433;77.4;0;11030;9387;85;1643
FPB-MT-S-15.9295W-59.9571;35140.29285;296649.02874384;128.033729;1088701.935;32.23706897;19613;55.8;0;2435;2317;95;118
FPB-MT-S-16.0993W-59.2537;17169.159246;96843.5054019;40.023766;355415.6648;23.29770992;11690;68.1;0;3266;2420;74;846
FPB-MT-S-9.1761W-60.5204;128790.508987;10988773.9652421;154.040963;40328800.45;33.26428431;55272;42.9;0;128012;71337;56;56675
FPB-MT-S-9.7624W-55.5782;68667.334235;5613102.42991542;114.542054;20600085.92;31.42132165;55706;81.1;759.0060103;67335;49005;73;18330
FPB-MT-S-9.8059W-54.2655;124162.152503;4609167.66232839;78.141339;16915645.32;27.1803575;96060;77.4;0;86560;58985;68;27575
FPB-MT-S-9.8288W-55.1022;65377.375219;4312080.4205115;118.315853;15825335.14;26.32786885;52942;81;1236.266224;47735;36446;76;11290
FPB-PA-S-1.3815W-55.0649;10119.870773;1658273.23257885;212.554169;6085862.764;35.70171149;8372;82.7;0;10050;7802;78;2248
FPB-PA-S-1.4638W-55.082;11266.561427;1647660.4706628;206.233396;6046913.927;32.26444444;8195;72.7;0;11272;7989;71;3282
FPB-PA-S-1.5124W-54.6017;30800.742881;1824816.38294916;101.084028;6697076.125;30.51227496;26447;85.9;0;22606;18052;80;4554
FPB-PA-S-1.5933W-55.7621;24736.481197;3347740.14544008;187.357017;12286206.33;38.48380567;21470;86.8;0;24589;17868;73;6721
FPB-PA-S-1.695W-54.8082;18690.075617;1039720.51931508;131.558901;3815774.306;27.7462888;13371;71.5;0;15979;7903;49;8076
FPB-PA-S-1.7118W-55.2881;17809.300093;1905467.4966114;180.32878;6993065.713;35.86407767;11713;65.8;0;17039;10567;62;6472
FPB-PA-S-1.7821W-47.6592;15208.246268;2045967.24791385;227.281965;7508699.8;49.0892562;8912;58.6;0;13594;9002;66;4592
FPB-PA-S-1.8023W-56.0545;12040.171672;136194.07552956;119.455913;499832.2572;35.26141079;6475;53.8;0;1288;1140;89;148
FPB-PA-S-1.8071W-48.2094;15400.630287;2178611.55420129;218.628761;7995504.404;48.52231405;8550;55.5;0;15445;9965;65;5480
FPB-PA-S-1.821W-47.9058;11771.983702;1670846.56072533;216.175803;6132006.878;48.21518987;6477;55;0;11796;7729;66;4067
FPB-PA-S-1.8645W-46.7835;11278.810132;1774322.8118163;199.95231;6511764.719;40.05357143;10258;91;0;11300;8874;79;2426
FPB-PA-S-1.8943W-48.3307;16655.196586;2756918.61266112;221.678552;10117891.31;48.98511905;8737;52.5;0;16234;12437;77;3798
FPB-PA-S-2.1209W-48.2997;13784.321406;2055960.32652054;214.268329;7545374.398;48.96160878;7896;57.3;0;13771;9595;70;4176
FPB-PA-S-2.1707W-48.1024;12859.888433;1524432.6484254;209.827815;5594667.82;50.24230769;7753;60.3;0;12880;7265;56;5615
FPB-PA-S-2.226W-47.918;21060.252328;2393387.19834543;210.888027;8783731.018;50.46;16247;77.1;25.8822034;21117;11349;54;9768
FPB-PA-S-2.2614W-53.5024;160532.46653;11549717.4827858;174.760825;42387463.16;42.87988783;86534;53.9;0;84485;66089;78;18396
FPB-PA-S-2.335W-48.336;11379.936347;1503495.87405534;219.511842;5517829.858;48.31460674;8710;76.5;0;11444;6849;60;4594
FPB-PA-S-2.3615W-53.966;12149.886897;385062.48621864;140.374424;1413179.324;41.40709812;2509;20.6;0;3097;2743;89;354
FPB-PA-S-2.3997W-48.5766;14590.940415;1419468.07313295;223.198385;5209447.828;46.60314685;12436;85.2;0;14604;6360;44;8244
FPB-PA-S-2.4783W-51.4555;79835.436497;15933404.8526836;223.762594;58475595.81;48.17985383;65026;81.4;0;79060;71207;90;7854
FPB-PA-S-2.5461W-51.745;67791.252085;13237615.2094612;219.705366;48582047.82;50.94697812;57940;85.5;0;67816;60252;89;7564
FPB-PA-S-2.6032W-48.6208;12965.364747;2193107.99826114;220.011978;8048706.354;46.19335938;11500;88.7;0;13009;9968;77;3041
FPB-PA-S-2.6308W-46.9036;10772.731633;1835117.66859498;199.226126;6734881.844;41.17948718;8968;83.2;0;10789;9211;85;1578
FPB-PA-S-2.6333W-54.4106;19909.448401;2910164.2387542;190.363583;10680302.76;47.97156984;15954;80.1;0;19416;15287;79;4129
FPB-PA-S-2.6419W-48.2424;20881.612339;3188610.22980357;207.139907;11702199.54;45.79883041;16495;79;0;20967;15394;73;5573
FPB-PA-S-2.6754W-47.9424;46568.711921;6626835.68211522;200.260302;24320486.95;48.89888238;42424;91.1;291.6605208;46496;33091;71;13405
FPB-PA-S-2.7634W-47.7164;20798.494418;3174981.65545104;197.236784;11652182.68;49.39036145;17563;84.4;0;20707;16097;78;4610
FPB-PA-S-2.7754W-47.1372;14561.122212;2569850.93700405;197.680081;9431352.939;42.94057725;13000;89.3;0;14582;13000;89;1582
FPB-PA-S-2.8031W-56.3915;122626.844372;21356863.050623;177.757661;78379687.4;50.26208858;107946;88;0;122588;120146;98;2442
FPB-PA-S-2.8102W-54.6726;29293.206272;3829496.6032029;201.644254;14054252.53;48.82947729;21921;74.8;0;29428;18991;65;10437
FPB-PA-S-2.8189W-52.3947;62023.976542;10802612.9299057;209.590337;39645589.45;52.61442385;47753;77;0;62115;51542;83;10573
FPB-PA-S-2.8287W-55.8578;16082.350201;2909953.00576188;183.590238;10679527.53;49.37774295;14571;90.6;0;16033;15850;99;183
FPB-PA-S-2.8422W-53.3504;32698.576414;6771586.92522948;209.467407;24851724.02;50.61179173;28889;88.3;0;32706;32328;99;378
FPB-PA-S-2.8553W-50.3068;81989.433016;16746280.999956;227.1393;61458851.27;45.76761208;46103;56.2;0;81777;73727;90;8050
FPB-PA-S-2.8646W-54.8792;10102.691309;1459849.65377013;200.876193;5357648.229;52.15461347;9518;94.2;0;10143;7267;72;2876
FPB-PA-S-2.8726W-52.7779;40676.96774;6881111.92707741;208.497883;25253680.77;53.16575259;35059;86.2;0;40704;33003;81;7700
FPB-PA-S-2.9249W-49.2932;76352.029241;10961214.8848606;221.732581;40227658.63;48.00032808;56913;74.5;0;72377;49434;68;22943
FPB-PA-S-2.9368W-51.4962;168091.594509;26739295.2874253;220.240951;98133213.7;51.82395725;140948;83.9;0;167701;121409;72;46292
FPB-PA-S-2.9816W-54.4779;56429.818903;9534362.674995;202.22843;34991111.02;49.48506465;49624;87.9;0;56347;47147;84;9200
FPB-PA-S-3.0261W-46.8106;19715.302222;3240624.7271754;197.18702;11893092.75;42.78310214;18131;92;0;19733;16434;83;3299
FPB-PA-S-3.0294W-48.0953;17603.119089;2212187.97799125;197.531775;8118729.879;48.2234957;15636;88.8;0;17333;11199;65;6133
FPB-PA-S-3.1222W-54.8833;10031.285329;1833112.58013729;202.221161;6727523.169;52.56965174;8407;83.8;0;10043;9065;90;978
FPB-PA-S-3.1303W-53.7362;190356.794548;33233618.0128828;202.441842;121967378.1;48.65770397;143321;75.3;0;190301;164164;86;26137
FPB-PA-S-3.1731W-52.593;16953.661368;2564582.100156;205.150156;9412016.308;53.1996997;14820;87.4;0;17027;12501;73;4526
FPB-PA-S-3.1757W-50.527;44184.236869;6216235.85054304;228.785036;22813585.57;47.92889391;29779;67.4;0;44201;27171;61;17030
FPB-PA-S-3.2254W-47.8805;31882.356949;4689889.47666792;197.084322;17211894.38;50.28043991;30448;95.5;7.869240021;31831;23796;75;8035
FPB-PA-S-3.2712W-54.324;44380.905122;8019401.78028726;198.817118;29431204.53;49.38413598;41297;93.1;0;44354;40336;91;4019
FPB-PA-S-3.3109W-51.8766;29848.420531;4793419.81361754;208.107078;17591850.72;47.49174917;20379;68.3;0;29849;23033;77;6816
FPB-PA-S-3.3187W-50.9888;96128.329766;12558182.5613362;223.965744;46088530;51.63758044;73523;76.5;0;96217;56072;58;40145
FPB-PA-S-3.3552W-48.1887;32164.334246;5892552.62826174;194.059051;21625668.15;49.36838066;31808;98.9;0;32095;30365;95;1731
FPB-PA-S-3.4211W-53.1565;37156.991601;4880769.3424827;206.23123;17912423.49;50.90080429;27841;74.9;0;37245;23666;64;13578
FPB-PA-S-3.4239W-49.9713;13838.69413;2187859.64185071;224.961379;8029444.886;45.76838235;12445;89.9;0;13861;9725;70;4135
FPB-PA-S-3.496W-52.8923;11279.194605;1171760.17536;203.430586;4300359.844;53.86567164;8930;79.2;0;11329;5760;51;5569
FPB-PA-S-3.502W-51.4774;56324.914245;7209800.93405376;215.448436;26459969.43;48.20356347;45738;81.2;0;56105;33464;60;22641
FPB-PA-S-3.5047W-47.7465;29511.152247;4917272.8351041;194.87723;18046391.3;49.03486395;27238;92.3;0;29558;25233;85;4325
FPB-PA-S-3.5168W-52.5363;18658.035272;2573256.819186;202.73518;9443852.526;51.28475936;16570;88.8;0;18723;12693;68;6030
FPB-PA-S-3.5304W-47.1279;11160.844742;1840711.61155644;191.648562;6755411.614;43.17400881;10119;90.7;0;11176;9605;86;1572
FPB-PA-S-3.5649W-49.6542;10380.937592;847672.42300686;193.869797;3110957.792;47.42748092;6619;63.8;0;10424;4372;42;6052
FPB-PA-S-3.5992W-53.8001;102508.554359;14602029.52675;200.070255;53589448.36;47.89099757;71908;70.1;0;102678;72985;71;29693
FPB-PA-S-3.6128W-48.2208;48071.430081;8926604.2628532;193.825709;32760637.64;50.91800727;45357;94.4;0;48103;46055;96;2048
FPB-PA-S-3.6233W-47.6257;20287.306503;3057456.41212914;191.112287;11220865.03;44.665;19969;98.4;0;20327;15998;79;4329
FPB-PA-S-3.6344W-52.6409;10422.984614;1177383.46615929;199.151129;4320997.321;50.73488372;8478;81.3;0;10415;5912;57;4503
FPB-PA-S-3.7611W-51.7966;109645.404234;14714617.3896751;203.504284;54002645.82;46.6656798;101002;92.1;0;109629;72306;66;37323
FPB-PA-S-3.7854W-47.2716;14904.024528;1798660.5505128;187.971381;6601084.22;42.82136895;13401;89.9;0;14920;9569;64;5351
FPB-PA-S-3.8588W-50.5839;99861.875322;12130012.770133;220.420568;44517146.87;49.69969589;82734;82.8;0;100085;55031;55;45053
FPB-PA-S-3.8598W-47.7683;23082.398029;2651868.3894543;188.17867;9732356.989;48.66737968;20602;89.3;0;23140;14092;61;9047
FPB-PA-S-3.862W-49.8806;14183.358813;1611185.31566874;219.579034;5913050.109;46.83392226;11867;83.7;0;14202;7338;52;6865
FPB-PA-S-3.8872W-48.1542;24390.05491;3932379.92227743;192.903009;14431834.31;49.59390863;21018;86.2;0;24422;20385;83;4037
FPB-PA-S-3.8979W-53.7039;96337.241437;10855331.17452;172.82532;39839065.41;45.76867408;78033;81;0;96520;62811;65;33709
FPB-PA-S-3.9736W-55.4389;21908.037456;2820473.69375412;188.085372;10351138.46;60.9103139;14349;65.5;1.560463129;21939;14996;68;6943
FPB-PA-S-4.0778W-56.0153;26248.002951;4222433.98903365;196.436591;15496332.74;53.50380228;20803;79.3;0;26298;21495;82;4803
FPB-PA-S-4.0915W-54.4916;53711.40952;6781634.632944;176.29215;24888599.1;47.39869888;38385;71.5;0;53767;38468;72;15299
FPB-PA-S-4.1035W-50.9047;236757.423533;31658753.4708865;217.822755;116187625.2;53.20302967;171735;72.5;0;236969;145342;61;91628
FPB-PA-S-4.1497W-48.2068;20039.157868;2720735.31012255;191.742995;9985098.588;50.34605911;16615;82.9;0;20076;14189;71;5887
FPB-PA-S-4.1635W-48.4864;16723.214039;2951672.1128037;193.372465;10832636.65;49.72932331;16062;96;0;16736;15264;91;1472
FPB-PA-S-4.1759W-55.4796;20102.366806;2898230.07110976;186.820112;10636504.36;59.37562189;14743;73.3;0;20125;15513;77;4612
FPB-PA-S-4.2005W-48.9292;13330.586695;1451050.58793906;199.221346;5325355.658;45.89622642;11860;89;0;13367;7284;54;6083
FPB-PA-S-4.2223W-48.6245;16853.361401;1840829.97366468;194.493043;6755846.003;48.44264706;16030;95.1;0;16859;9465;56;7394
FPB-PA-S-4.2272W-50.2208;18562.736857;2140540.492923;218.01983;7855783.609;50.23306233;14203;76.5;0;18619;9818;53;8801
FPB-PA-S-4.2558W-55.3768;32750.951485;4247508.30693624;190.053788;15588355.49;55.44384615;22549;68.8;0;32795;22349;68;10446
FPB-PA-S-4.2642W-48.003;11203.20833;1253548.30378608;190.090546;4600522.275;52.48358862;9497;84.8;0;11222;6594;59;4628
FPB-PA-S-4.3111W-55.2659;88559.143201;11376156.051062;186.586523;41750492.71;53.16347777;61835;69.8;0;88669;60970;69;27699
FPB-PA-S-4.3815W-49.1295;11326.483667;1414090.4234274;202.235955;5189711.854;46.17333333;9315;82.2;0;11385;6992;61;4392
FPB-PA-S-4.3897W-48.7445;15881.950248;2230750.45053711;195.060291;8186854.153;48.45094937;12498;78.7;0;15939;11436;72;4503
FPB-PA-S-4.4743W-56.0274;32876.923317;4697550.41401206;184.260802;17240010.02;59.47932619;21856;66.5;0;32923;25494;77;7429
FPB-PA-S-4.5144W-48.1076;10037.077819;1246622.15096145;187.345063;4575103.294;50.7029703;7823;77.9;0;10068;6654;66;3413
FPB-PA-S-4.563W-53.35;125592.20133;16460671.2675854;190.839866;60410663.55;49.30160619;91580;72.9;0;118154;86254;73;31900
FPB-PA-S-4.6072W-55.9516;13858.838651;1635643.61292726;173.975397;6002812.059;60.43978102;10471;75.6;0;13879;9402;68;4477
FPB-PA-S-4.6247W-48.3246;10163.611771;1504654.66183752;186.707896;5522082.609;51.19194313;6172;60.7;0;10186;8059;79;2127
FPB-PA-S-4.6468W-48.6692;11763.999107;1647456.56535816;192.193368;6046165.595;50.51702128;8695;73.9;0;11813;8572;73;3241
FPB-PA-S-4.6698W-50.5518;35857.741536;3178973.21186484;207.308972;11666831.69;54.55027933;27261;76;0;35932;15334;43;20598
FPB-PA-S-4.9123W-55.4865;83008.587883;11676177.8091517;188.252182;42851572.56;51.91561562;56073;67.6;0;83033;62024;75;21009
FPB-PA-S-4.9222W-51.7625;31788.946841;3385346.3887698;174.262735;12424221.25;46.62519562;24001;75.5;0;31862;19427;61;12435
FPB-PA-S-4.9446W-48.6856;22927.278081;2379789.69303348;189.716436;8733828.173;50.75690608;19507;85.1;0;22992;12544;55;10448
FPB-PA-S-5.0146W-49.4739;28290.787409;3198426.1954326;185.34703;11738224.14;37.83461868;20282;71.7;0;27817;17256;62;10560
FPB-PA-S-5.0232W-56.0588;82370.263835;9423687.43891647;183.486119;34584932.9;53.18843227;59209;71.9;0;82477;51359;62;31118
FPB-PA-S-5.0402W-49.1597;18885.083021;1421280.4474323;198.167963;5216099.242;45.75131579;10710;56.7;0;11646;7172;62;4474
FPB-PA-S-5.243W-49.9752;13700.103571;1261533.7546902;200.05483;4629828.88;57.37636364;11015;80.4;0;13752;6306;46;7446
FPB-PA-S-5.4037W-50.74;35659.976094;4054388.39730054;189.847654;14879605.42;55.7751773;30781;86.3;0;35734;21356;60;14378
FPB-PA-S-5.6977W-51.1634;46010.741341;5641208.35524972;176.256806;20703234.66;48.00704225;38287;83.2;0;46095;32006;69;14089
FPB-PA-S-5.7221W-49.1188;21446.095437;1897067.91266748;182.575572;6962239.239;48.7995283;13491;62.9;110.2854669;19652;10391;53;9261
FPB-PA-S-5.7431W-50.0252;26229.412305;2880820.519956;192.085435;10572611.31;56.33070089;22907;87.3;3.366131325;25996;14998;58;10999
FPB-PA-S-5.7526W-49.6829;17730.662021;2649189.97873728;190.565078;9722527.222;56.26203966;16382;92.4;2.996291657;17721;13902;78;3819
FPB-PA-S-5.7879W-57.5763;14882.71808;2804407.1369262;215.164199;10292174.19;45.17114094;13750;92.4;122.7346378;14855;13034;88;1821
FPB-PA-S-5.8255W-57.6213;293060.322633;59144360.2495013;222.894702;217059802.1;43.71194259;172477;58.9;2107.860381;292863;265347;91;27516
FPB-PA-S-6.0346W-51.2157;14319.209324;1449988.5170349;174.730042;5321457.858;49.06560284;10347;72.3;0;14302;8298;58;6003
FPB-PA-S-6.0518W-55.6195;77957.962841;8650344.0268674;160.56326;31746762.58;44.93472669;53906;69.1;124.7205569;78014;53875;69;24139
FPB-PA-S-6.059W-51.6943;89768.337731;9901786.6708992;164.76352;36339557.08;46.64785992;79288;88.3;351.5115584;89948;60097;67;29851
FPB-PA-S-6.0708W-51.378;39468.398785;5200959.69741825;172.469345;19087522.09;47.93570974;33646;85.2;98.03361106;39530;30156;76;9375
FPB-PA-S-6.2074W-52.253;64375.533275;6751966.28170725;162.393739;24779716.25;43.88483685;52688;81.8;674.4994956;63994;41578;65;22416
FPB-PA-S-6.3824W-56.0929;178006.11902;20110178.6065206;154.795966;73804355.49;46.50203509;126481;71.1;2764.214471;177894;129914;73;47980
FPB-PA-S-6.5247W-51.7356;69200.183481;7711052.04108288;165.009776;28299560.99;41.51205259;61898;89.4;34.94109753;68915;46731;68;22184
FPB-PA-S-6.8064W-50.7262;24323.914271;2464831.41454071;148.655849;9045931.291;44.62264151;18595;76.4;0;22562;16581;73;5981
FPB-PA-S-6.8407W-55.243;347940.551478;32274879.7964223;174.353001;118448808.9;43.77396424;279817;80.4;40.89898562;347594;185112;53;162482
FPB-PA-S-6.9432W-56.6706;70895.725223;10922623.9078007;186.324252;40086029.74;44.90732225;53283;75.2;1276.127364;70897;58622;83;12276
FPB-PA-S-6.9559W-52.1251;82193.261624;6741378.27907128;145.457482;24740858.28;36.18159659;73574;89.5;698.7247042;72922;46346;64;26576
FPB-PA-S-7.0044W-56.8452;12869.841303;2478938.31079893;198.286353;9097703.601;40.51277014;11116;86.4;173.2882572;12861;12502;97;359
FPB-PA-S-7.0443W-55.6337;65837.469045;6692729.32736928;175.544144;24562316.63;44.66235249;56014;85.1;210.8090079;65464;38126;58;27339
FPB-PA-S-7.4918W-50.6475;12544.664269;1112863.75374096;132.400557;4084209.976;34.41330645;7767;61.9;7.377587104;12340;8405;68;3934
FPB-PA-S-7.6728W-51.8285;13884.232536;1101933.40043952;137.599088;4044095.58;38.1084991;9831;70.8;0.2584036888;13173;8008;61;5165
FPB-PA-S-7.9471W-55.3228;276456.327965;25154476.9886911;163.854422;92316930.55;40.95618323;219468;79.4;558.8980427;275207;153517;56;121689
FPB-PA-S-8.5463W-54.7358;366291.920652;26591954.6401277;144.415214;97592473.53;36.75127978;207671;56.7;1001.667777;318155;184135;58;134020
FPB-PA-S-8.8449W-51.8794;21854.224406;1095179.259411;94.660898;4019307.882;32.10151692;16181;74;0.1999133227;18464;11570;63;6895
FPB-PA-S-8.9072W-55.3622;57710.530484;3689505.01842264;123.150616;13540483.42;32.88140747;35115;60.8;0;45437;29959;66;15478
FPB-PA-S-9.2257W-56.5478;44051.580589;3321369.4937778;102.853105;12189426.04;30.52941176;28427;64.5;0;38560;32292;84;6268
FPB-RO-S-10.0366W-64.8138;61099.90333;2895907.60481661;126.135357;10627980.91;46.23231084;48856;80;0;61182;22959;38;38224
FPB-RO-S-10.0431W-62.2355;12633.175361;1135329.7108266;164.105302;4166660.039;43.58733205;8379;66.3;0;12704;6918;54;5786
FPB-RO-S-10.1381W-64.1884;23807.58923;1444332.66713172;143.972124;5300700.888;43.84138655;16475;69.2;0;23883;10032;42;13851
FPB-RO-S-10.4034W-61.973;12566.932455;958897.29505977;143.449361;3519153.073;41.298;9129;72.6;0;11915;6685;56;5230
FPB-RO-S-10.421W-63.3859;39164.489024;2928166.81377912;188.092932;10746372.21;39.14533762;22356;57.1;286.0267116;35703;15568;44;20135
FPB-RO-S-10.5119W-62.505;19755.513393;1697370.50556342;188.374441;6229349.755;42.46326276;16006;81;0;17696;9011;51;8685
FPB-RO-S-11.0793W-64.7611;29574.99432;1295314.75013472;106.695624;4753805.133;41.91560102;13386;45.3;0;17219;12140;71;5079
FPB-RO-S-11.1704W-62.6068;45309.347271;1950158.70068625;164.845375;7157082.432;42.8072945;32473;71.7;0;22443;11830;53;10612
FPB-RO-S-11.2679W-61.016;31411.871927;2763790.28316;167.43425;10143110.34;35.87080948;25600;81.5;0;27101;16507;61;10594
FPB-RO-S-11.293W-62.0656;16386.783955;1592779.42987254;166.079046;5845500.508;41.26251897;13562;82.8;0;13931;9590;69;4341
FPB-RO-S-11.6602W-62.2464;17769.904077;1618776.67409424;170.986458;5940910.394;38.9778086;14808;83.3;0;15948;9467;59;6481
FPB-RO-S-11.7636W-64.9923;21211.348993;880364.46605184;152.738432;3230937.59;39.95373665;8848;41.7;0;18141;5764;32;12377
FPB-RO-S-11.9195W-62.8023;55851.937885;4891317.2004114;170.252393;17951134.13;38.95692718;39856;71.4;0;50299;28730;57;21569
FPB-RO-S-12.0895W-62.4215;122461.681599;8364752.7166296;147.74836;30698642.47;40.31838565;93088;76;0;90923;56615;62;34308
FPB-RO-S-12.1081W-64.1101;119788.590903;10621588.3083662;153.366672;38981229.09;39.78319783;79489;66.4;0;118749;69256;58;49493
FPB-RO-S-12.1476W-63.6378;139350.331459;13742368.226865;165.051188;50434491.39;38.75650925;111033;79.7;0;132572;83261;63;49310
FPB-RO-S-12.1948W-60.8597;240842.658863;19033973.6674815;130.09295;69854683.36;32.90181706;189781;78.8;0.2259837916;192905;146311;76;46595
FPB-RO-S-12.5458W-62.3287;165225.94973;11839602.4970919;156.326181;43451341.16;38.3049902;107475;65;0;101872;75737;74;26135
FPB-RO-S-13.0456W-61.1519;179747.505913;11008046.0811504;130.504291;40399529.12;35.84569361;154014;85.7;0;100771;84350;84;16421
FPB-RO-S-8.3334W-63.7483;29116.36045;3956819.95306449;158.954203;14521529.23;34.73206569;16927;58.1;0;28806;24893;86;3913
FPB-RO-S-8.4205W-62.7981;137198.978334;17489164.922944;177.720353;64185235.27;37.1212673;74721;54.5;0;131281;98408;75;32873
FPB-RO-S-8.6684W-63.6438;16285.724555;2066350.91145921;153.938427;7583507.845;38.75621118;11387;69.9;0;15818;13423;85;2395
FPB-RO-S-8.6772W-62.8204;120631.462205;11511478.2427609;170.281137;42247125.15;38.88780992;83552;69.3;0;120161;67603;56;52559
FPB-RO-S-8.7245W-63.4323;13705.728481;1326657.70572705;154.347415;4868833.78;38.98548094;8803;64.2;0;13434;8595;64;4839
FPB-RO-S-8.9243W-64.251;25631.068072;2642209.70200965;129.324765;9696909.606;36.47468959;11981;46.7;0;25602;20431;80;5171
FPB-RO-S-9.0366W-64.0317;31535.04051;3596046.87780702;145.356666;13197492.04;43.91088328;23159;73.4;33.20180943;31622;24739;78;6882
FPB-RO-S-9.0701W-63.6487;53401.034155;5421753.04984362;140.100562;19897833.69;41.88180979;40254;75.4;0;53531;38699;72;14832
FPB-RO-S-9.2221W-62.6174;31223.463323;3263087.30984928;178.343527;11975530.43;36.22092116;24661;79;0;31328;18297;58;13031
FPB-RO-S-9.342W-64.3011;16214.496466;1325592.62514;136.694264;4864924.934;48.78922345;10747;66.3;0;16245;9698;60;6548
FPB-RO-S-9.3807W-61.9509;20527.137642;1578216.39946902;165.098177;5792054.186;42.58261934;11573;56.4;0;19753;9559;48;10194
FPB-RO-S-9.5982W-65.5162;13314.797952;954690.48934146;138.338686;3503714.096;38.26226415;9207;69.1;0;13223;6901;52;6322
FPB-RO-S-9.599W-65.9447;38627.446559;4072347.6904341;143.979087;14945516.02;39.95483871;27240;70.5;0;38662;28284;73;10378
FPB-RO-S-9.623W-64.8054;113242.940981;10443843.7058873;128.565502;38328906.4;42.21260707;88952;78.5;60.79118421;112190;81234;72;30956
FPB-RO-S-9.6301W-63.6136;14280.40329;809186.6518785;153.73109;2969715.012;40.81913043;9894;69.3;0;14314;5264;37;9051
FPB-RO-S-9.7599W-64.6199;68114.191601;1848603.67600563;127.847087;6784375.491;50.26358297;56463;82.9;0;68227;14459;21;53768
FPB-RO-S-9.7665W-66.4359;19078.438285;1948521.04837128;152.183503;7151072.248;39.66623545;12802;67.1;0;19140;12804;67;6336
FPB-RO-S-9.8211W-66.6662;10997.897927;1233783.44838936;159.713688;4527985.256;39.70601852;9582;87.1;0;11043;7725;70;3318
FPB-RO-S-9.8322W-62.5811;18591.43147;2103625.84342491;187.768579;7720306.845;41.11428571;13207;71;3.973505527;18285;11203;61;7082
FPB-RO-S-9.97W-65.0172;21036.411758;868619.28714318;126.789262;3187832.784;47.07168459;17548;83.4;0;21060;6851;33;14209
FPB-RR-N0.0387W-60.8116;144629.734332;16351431.4430619;165.397079;60009753.4;29.73241379;133274;92.1;0;102215;98862;97;3353
FPB-RR-N0.1668W-60.5735;29826.903779;4682550.04636122;187.091038;17184958.67;27.50753769;20256;67.9;0;27855;25028;90;2826
FPB-RR-N0.3063W-60.3267;148416.610749;27489935.0840851;197.197487;100888061.8;23.23735144;120352;81.1;0;147035;139403;95;7632
FPB-RR-N0.543W-60.7141;145185.069626;10032094.1975828;127.833025;36817785.71;27.91784605;129494;89.2;0;88051;78478;89;9572
FPB-RR-N0.602W-59.7476;85716.062232;16594011.1136551;212.590095;60900020.79;21.55394432;55148;64.3;0;85732;78056;91;7675
FPB-RR-N0.8439W-60.0766;69863.048728;12910312.2882082;209.606096;47380846.1;21.04186047;54390;77.9;0;69897;61593;88;8303
FPB-RR-N1.0597W-60.4267;18489.98079;3097278.49306302;195.187027;11367012.07;20.63823934;15015;81.2;0;18495;15868;86;2627
FPB-RR-N1.1694W-60.6987;132650.883647;16228967.8575753;151.444185;59560312.04;26.8084666;110015;82.9;0;116786;107161;92;9625
FPB-RR-N1.3528W-61.0182;42969.229585;4438000.42491564;134.001967;16287461.56;31.73029772;28906;67.3;0;33773;33119;98;654
FPB-RR-N1.4348W-60.6419;44583.959066;4615490.57579055;160.971887;16938850.41;26.742552;29991;67.3;0;30293;28673;95;1621
FPB-RR-N1.7586W-60.4224;674404.389419;75241272.879508;162.686489;276135471.5;24.30209376;446626;66.2;0;489723;462492;94;27231
FPB-RR-N2.3414W-61.4318;322556.466328;36211585.5234972;143.798454;132896518.9;30.10340812;192307;59.6;0;314042;251822;80;62220
FPB-RR-N2.4091W-60.2754;119342.247975;8735977.73628828;125.110743;32061038.29;21.24423963;54660;45.8;0;78036;69826;89;8210
FPB-RR-N2.8763W-60.3071;55937.572426;2421272.1063609;90.805763;8886068.63;30.4719399;27258;48.7;0;33198;26664;80;6533
FPB-RR-N3.031W-61.373;89148.510747;6971748.82002108;105.394749;25586318.17;32.57611438;54437;61.1;0;74818;66149;88;8669
FPB-RR-N3.5732W-61.2378;54900.858177;697305.89736792;63.051084;2559112.643;34.66924829;27831;50.7;0;11864;11059;93;805
FPB-RR-N3.621W-61.6989;174390.981;13239566.5535784;108.559122;48589209.25;26.77062114;121498;69.7;6.296363146;127007;121957;96;5050
FPB-RR-N4.0735W-61.572;203615.366842;25962760.3692857;138.827385;95283330.56;23.86427342;172192;84.6;0;190485;187015;98;3471
